﻿Designator,Quantity,Value,Footprint,Package,MPN,DNP,Mount_Type,Description
C1,1,20p,C_1210_3225Metric,,,,smt,Unpolarized capacitor
C2,1,3u3,C_1210_3225Metric,,,,smt,Unpolarized capacitor
C3,1,100n,C_1210_3225Metric,,,,smt,Unpolarized capacitor
"D1, D2, D3",3,BPW34-SMD,Osram_BPW34S-SMD,,,,smt,"Silicon PIN Photodiode, Area 2.65x2.65mm"
J1,1,Conn_01x12_Socket,1X12_ROUND_MIN,,,,tht,"Generic connector, single row, 01x12, script generated"
J2,1,Conn_01x16_Socket,1X16_ROUND_MIN,,,,tht,"Generic connector, single row, 01x16, script generated"
"J3, J4",2,Conn_01x02_Pin,JST_PH_B2B-PH-K_1x02_P2.00mm_Vertical,,,,tht,"Generic connector, single row, 01x02, script generated"
R1,1,47k,R_1206_3216Metric,,,,smt,"Resistor, US symbol"
R2,1,20M,R_1206_3216Metric,,,,smt,"Resistor, US symbol"
"R3, R4",2,10k,R_1206_3216Metric,,,,smt,"Resistor, US symbol"
R5,1,0,R_1206_3216Metric,,,,smt,"Resistor, US symbol"
RV1,1,2k,Potentiometer_Bourns_3224X_Vertical,,,,smt,"Trim-potentiometer, US symbol"
SW1,1,SW_DIP_x04,SW_DIP_SPSTx04_Slide_6.7x11.72mm_W8.61mm_P2.54mm_LowProfile,,,,smt,"4x DIP Switch, Single Pole Single Throw (SPST) switch, small symbol"
"U$31, U$32",2,MOUNTINGHOLE2.5,MOUNTINGHOLE_2.5_PLATED,,,,tht,
U1,1,LMC6484,SOIC-14_3.9x8.7mm_P1.27mm,,,,smt,"Quad CMOS Rail-to-Rail Input and Output Operational Amplifier, DIP-14/SOIC-14"
UNK_HOLE_0,1,,dummyfp0,,,,tht,
UNK_HOLE_1,1,,dummyfp1,,,,tht,
