﻿pos_x,pos_y,rotation,side,designator,mpn,pack,footprint,value,mount_type
161.3662,-97.7646,90.0,bottom,C1,,,C_1210_3225Metric,20p,smt
160.5008,-103.9368,180.0,bottom,C2,,,C_1210_3225Metric,3u3,smt
174.879,-101.5238,-90.0,bottom,C3,,,C_1210_3225Metric,100n,smt
152.4508,-101.473,-90.0,top,D1,,,Osram_BPW34S-SMD,BPW34-SMD,smt
143.256,-101.473,-90.0,top,D2,,,Osram_BPW34S-SMD,BPW34-SMD,smt
147.828,-101.473,-90.0,top,D3,,,Osram_BPW34S-SMD,BPW34-SMD,smt
147.4069,-91.44,180.0,bottom,J1,,,1X12_ROUND_MIN,Conn_01x12_Socket,tht
152.4869,-111.76,0.0,bottom,J2,,,1X16_ROUND_MIN,Conn_01x16_Socket,tht
132.0038,-102.6226,-90.0,top,J3,,,JST_PH_B2B-PH-K_1x02_P2.00mm_Vertical,Conn_01x02_Pin,tht
131.9696,-95.52,-90.0,top,J4,,,JST_PH_B2B-PH-K_1x02_P2.00mm_Vertical,Conn_01x02_Pin,tht
155.0777,-103.9876,180.0,bottom,R1,,,R_1206_3216Metric,47k,smt
158.0896,-97.7646,90.0,bottom,R2,,,R_1206_3216Metric,20M,smt
167.5384,-107.442,180.0,bottom,R3,,,R_1206_3216Metric,10k,smt
162.8033,-107.442,180.0,bottom,R4,,,R_1206_3216Metric,10k,smt
140.1679,-96.012,180.0,top,R5,,,R_1206_3216Metric,0,smt
137.514,-101.6762,0.0,top,RV1,,,Potentiometer_Bourns_3224X_Vertical,2k,smt
169.5196,-101.4984,90.0,top,SW1,,,SW_DIP_SPSTx04_Slide_6.7x11.72mm_W8.61mm_P2.54mm_LowProfile,SW_DIP_x04,smt
175.3469,-92.71,-90.0,bottom,U$31,,,MOUNTINGHOLE_2.5_PLATED,MOUNTINGHOLE2.5,tht
175.3469,-110.49,-90.0,bottom,U$32,,,MOUNTINGHOLE_2.5_PLATED,MOUNTINGHOLE2.5,tht
168.402,-100.076,0.0,bottom,U1,,,SOIC-14_3.9x8.7mm_P1.27mm,LMC6484,smt
129.6269,-111.1885,0.0,top,UNK_HOLE_0,,,dummyfp0,,tht
129.6269,-92.075,0.0,top,UNK_HOLE_1,,,dummyfp1,,tht
